Make,Avg.Horsepower
Porsche,512.5490196
Mercedes-AMG,494.8333333
BMW,347.1804511
Audi,300.183908
Mercedes,288.4285714
Volkswagen,192.496124